PartNumber,Inductance_uH,DCR_mOhm,Isat_A,Irms_A,MaxTemp_C,VoltageRating_V,Length_mm,Width_mm,Height_mm,Mounting,AECGrade,Price
XGL1010-563,56,55.9,7.6,6.3,165,60,11.8,10.5,10,SM,1,$2.14
XFL6060-473,47,75.3,1.8,3.7,165,20,6.76,6.56,6.1,SM,1,$0.97
XGL6060-473,47,107,3.2,3.7,165,80,6.91,6.71,6.1,SM,1,$0.88
XAL7050-473,47,120,3.5,3.5,165,60,8,7.7,5,SM,1,$0.96
XAL7070-473,47,97.07,4.2,4.1,165,60,8,7.7,7,SM,1,$1.28
XAL8080-473,47,71.8,4.4,4.8,165,60,8.8,8.3,8,SM,1,$3.29
XGL1010-473,47,46.9,8.4,7,165,60,11.8,10.5,10,SM,1,$2.14
XGL1313-473,47,30,9.7,9.1,165,60,15.2,13.6,13,SM,1,$2.57
XGL5050-333,33,118,2.5,3.2,165,80,5.68,5.48,5.1,SM,1,$0.85
XAL6060-333,33,105,3.7,3.6,165,60,6.76,6.56,6.1,SM,1,$1.02
XGL6060-333,33,69.5,4,4.9,165,80,6.91,6.71,6.1,SM,1,$0.88
XAL7050-333,33,85,4.1,4.6,165,60,8,7.7,5,SM,1,$0.96
XAL7070-333,33,62.08,4.4,4.9,165,-,8,7.7,7,SM,1,$1.28
XAL8080-333,33,48.5,5,6,165,-,8.8,8.3,8,SM,1,$3.29
XGL1010-333,33,33.5,10,8.5,165,60,11.8,10.5,10,SM,1,$2.14
XGL1313-333,33,20.7,11.6,11.2,165,60,15.2,13.6,13,SM,1,$2.57
XAL1510-333,33,20,16.7,12,165,60,16.4,15.4,11,SM,1,$3.14
XGL4040-223,22,114.7,1.9,3.3,165,80,4.3,4.3,4.1,SM,1,$0.67
XGL5030-223,22,118.8,3,3.6,165,80,5.68,5.48,3.1,SM,1,$0.99
XEL5050-223,22,99.65,3.6,3.4,165,80,5.68,5.48,5.1,SM,1,$0.85
XGL5050-223,22,79.5,3.3,4,165,80,5.68,5.48,5.1,SM,1,$0.85
XAL5050-223,22,99.65,3.6,3.4,165,60,5.68,5.48,5.1,SM,1,$0.85
XAL6060-223,22,60.63,5.6,5,165,60,6.76,6.56,6.1,SM,1,$0.88
XGL6060-223,22,46.9,5.1,5.8,165,80,6.91,6.71,6.1,SM,1,$0.88
XAL7050-223,22,70,5.5,5,165,60,8,7.7,5,SM,1,$0.96
XAL7070-223,22,39.69,5.6,6.5,165,60,8,7.7,7,SM,1,$1.28
XAL8050-223,22,71,6.2,5.2,165,60,8.8,8.3,5,SM,1,Quote
XAL8080-223,22,32.9,6.4,7.6,165,60,8.8,8.3,8,SM,1,$3.29
XGL1010-223,22,22,13,13.2,165,60,11.8,10.5,10,SM,1,$2.14
XGL1313-223,22,13.3,15.4,14.3,165,60,15.2,13.6,13,SM,1,$2.57
XAL1510-223,22,16,18.7,14,165,60,16.4,15.4,10,SM,1,$3.14
XGL5030-183,18,97.7,3.3,4,165,80,5.68,5.48,3.1,SM,1,$0.99
XGL5050-183,18,62.5,3.7,4.5,165,80,5.68,5.48,5.1,SM,1,$0.85
XGL6030-183,18,80,4.4,4.7,165,80,6.91,6.71,3.1,SM,1,$1.06
XGL6060-183,18,37.3,5.5,6.4,165,80,6.91,6.71,6.1,SM,1,$0.88
XAL7050-183,18,50,6.2,6.2,165,60,8,7.7,5,SM,1,$0.96
XAL7070-183,18,32.82,6.3,6.8,165,-,8,7.7,7,SM,1,$1.28
XAL8080-183,18,28,6.6,8.3,165,-,8.8,8.3,8,SM,1,$3.29
XGL4040-153,15,82.2,2.5,3.6,165,80,4.3,4.3,4.1,SM,1,$0.67
XAL4040-153,15,120,2.9,2.8,165,60,4.3,4.3,4.1,SM,1,$0.67
XGL5030-153,15,77.1,3.6,4.5,165,80,5.68,5.48,3.1,SM,1,$0.99
XAL5050-153,15,76.7,3.7,3.9,165,60,5.68,5.48,5.1,SM,1,$0.85
XEL5050-153,15,76.7,3.7,3.9,165,80,5.68,5.48,5.1,SM,1,$0.85
XGL5050-153,15,54.9,3.9,4.6,165,80,5.68,5.48,5.1,SM,1,$0.85
XAL6060-153,15,43.75,5.8,6,165,60,6.76,6.56,6.1,SM,1,$0.88
XGL6030-153,15,72,4.6,5.2,165,80,6.91,6.71,3.1,SM,1,$1.06
XGL6060-153,15,31.1,5.8,7.4,165,80,6.91,6.71,6.1,SM,1,$0.88
XAL7050-153,15,41,6.4,7,165,60,8,7.7,5,SM,1,$0.96
XAL7070-153,15,29.52,7,7.4,165,-,8,7.7,7,SM,1,$1.28
XAL8080-153,15,22.5,7.7,9.4,165,-,8.8,8.3,8,SM,1,$3.29
XAL1010-153,15,18.6,15.5,13.8,165,60,11.8,10.5,10,SM,1,$2.14
XGL1010-153,15,15.2,16,15.4,165,60,11.8,10.5,10,SM,1,$2.14
XGL1313-153,15,9.2,17.5,16.8,165,60,15.2,13.6,13,SM,1,$2.57
XAL1510-153,15,12.4,23,18,165,60,16.4,15.4,10,SM,1,$3.14
XAL1513-153,15,7.5,25.5,22,165,60,16.4,15.4,13,SM,1,$2.89
XGL4025-123,12,105.3,2.6,3.3,165,80,4.3,4.3,2.5,SM,1,$0.63
XGL4030-123,12,86.5,2.7,3.4,165,80,4.3,4.3,3.1,SM,1,$0.65
XGL5030-123,12,56.5,4,5.4,165,80,5.68,5.48,3.1,SM,1,$0.99
XGL5050-123,12,43,4.3,5.1,165,80,5.68,5.48,5.1,SM,1,$0.85
XEL6060-123,12,40.33,5.8,7.4,165,80,6.76,6.56,6.1,SM,1,$0.88
XGL6030-123,12,53,5.5,6,165,80,6.91,6.71,3.1,SM,1,$1.06
XGL6060-123,12,24.2,6.7,8.3,165,80,6.91,6.71,6.1,SM,1,$0.88
XAL7070-123,12,22.23,7.4,8.2,165,-,8,7.7,7,SM,1,$1.28
XAL8080-123,12,18.2,8.6,10.5,165,-,8.8,8.3,8,SM,1,$3.29
XGL4025-103,10,89.2,2.9,3.6,165,80,4.3,4.3,2.5,SM,1,$0.63
XGL4030-103,10,69.5,3.1,3.9,165,80,4.3,4.3,3.1,SM,1,$0.65
XAL4040-103,10,92.4,3,3.1,165,60,4.3,4.3,4.1,SM,1,$0.67
XGL4040-103,10,50.5,2.8,5,165,80,4.3,4.3,4.1,SM,1,$0.67
XGL5030-103,10,48.4,4.5,5.7,165,80,5.68,5.48,3.1,SM,1,$0.99
XAL5050-103,10,45,4.9,4.9,165,60,5.68,5.48,5.1,SM,1,$0.85
XGL5050-103,10,33.6,4.9,6.2,165,80,5.68,5.48,5.1,SM,1,$0.85
XEL5050-103,10,45,4.9,4.9,165,80,5.68,5.48,5.1,SM,1,$0.85
XAL6060-103,10,29.82,7.6,7,165,60,6.76,6.56,6.1,SM,1,$0.88
XGL6020-103,10,77.5,4.4,4.7,165,80,6.91,6.71,2.1,SM,1,$0.77
XGL6030-103,10,44,6.2,7,165,80,6.91,6.71,3.1,SM,1,$1.06
XGL6060-103,10,20.4,7.3,9.1,165,80,6.91,6.71,6.1,SM,1,$0.88
XAL7030-103,10,69.46,7.7,5.3,165,60,8,8,3.1,SM,1,$1.06
XAL7050-103,10,29,7.1,8.5,165,60,8,7.7,5,SM,1,$0.96
XAL7070-103,10,20.17,7.5,9.3,165,-,8,7.7,7,SM,1,$1.28
XAL8080-103,10,23.1,10.9,8.7,165,60,8.8,8.3,8,SM,1,$3.29
XGL1060-103,10,18,15.5,12.1,165,60,11.8,10.5,6,SM,1,$2.06
XAL1010-103,10,14.75,17.5,15.5,165,60,11.8,10.5,10,SM,1,$2.14
XGL1010-103,10,9.7,18,18.2,165,60,11.8,10.5,10,SM,1,$2.14
XGL1313-103,10,6.3,23,18.5,165,60,15.2,13.6,13,SM,1,$2.57
XAL1510-103,10,9,26.3,22,165,60,16.4,15.4,10,SM,1,$3.14
XGL4020-822,8.2,78.1,3.2,4.1,165,80,4.3,4.3,2.1,SM,1,$0.63
XGL4025-822,8.2,76,3.3,4,165,80,4.3,4.3,2.5,SM,1,$0.63
XGL4030-822,8.2,55.7,3.45,4.2,165,80,4.3,4.3,3.1,SM,1,$0.65
XAL4040-822,8.2,66.9,4,3.4,165,60,4.3,4.3,4.1,SM,1,$0.67
XGL4040-822,8.2,41.2,3.3,5.4,165,80,4.3,4.3,4.1,SM,1,$0.67
XGL5020-822,8.2,73.6,4.1,4.5,165,80,5.68,5.48,2.1,SM,1,$0.75
XGL5030-822,8.2,41,5,6.4,165,80,5.68,5.48,3.1,SM,1,$0.99
XAL5050-822,8.2,34.95,5.6,6.1,165,60,5.68,5.48,5.1,SM,1,$0.85
XEL5050-822,8.2,34.95,5.6,6.1,165,80,5.68,5.48,5.1,SM,1,$0.85
XGL5050-822,8.2,27.5,5.5,7,165,80,5.68,5.48,5.1,SM,1,$0.85
XAL6060-822,8.2,26.4,8.4,8,165,60,6.76,6.56,6.1,SM,1,$0.88
XEL6060-822,8.2,24.98,7.6,9.4,165,80,6.76,6.56,6.1,SM,1,$0.88
XGL6020-822,8.2,56.4,4.8,5.6,165,80,6.91,6.71,2.1,SM,1,$0.77
XGL6030-822,8.2,40,6.5,7.1,165,80,6.91,6.71,3.1,SM,1,$1.06
XGL6060-822,8.2,16.8,8.1,10.1,165,80,6.91,6.71,6.1,SM,1,$0.88
XAL7030-822,8.2,60.94,8.4,5.9,165,60,8,8,3.1,SM,1,$1.06
XGL1060-822,8.2,15,16.9,13.3,165,60,11.8,10.5,6,SM,1,$2.06
XAL1010-822,8.2,12.9,18.3,17.1,165,60,11.8,10.5,10,SM,1,$2.14
XGL1010-822,8.2,9,20,18.7,165,60,11.8,10.5,10,SM,1,$2.14
XGL1313-822,8.2,5.2,25,20.5,165,60,15.2,13.6,13,SM,1,$2.57
XAL1510-822,8.2,7.5,30,24,165,60,16.4,15.4,10,SM,1,$3.14
XGL3530-682,6.8,78.2,2.1,3.65,165,80,3.65,3.35,3,SM,1,$0.67
XGL4020-682,6.8,70,3.4,4.2,165,80,4.3,4.3,2.1,SM,1,$0.63
XGL4025-682,6.8,58.7,3.5,4.5,165,80,4.3,4.3,2.5,SM,1,$0.63
XAL4030-682,6.8,74.1,3.6,3.9,165,60,4.3,4.3,3.1,SM,1,$0.65
XGL4030-682,6.8,47.9,3.65,4.7,165,80,4.3,4.3,3.1,SM,1,$0.65
XEL4030V-682,6.8,74.1,3.6,3.9,165,120,4.3,4.3,3.1,SM,1,$0.73
XEL4030-682,6.8,74.1,3.6,3.9,165,80,4.3,4.3,3.1,SM,1,$0.65
XGL4040-682,6.8,34.7,4,5.6,165,80,4.3,4.3,4.1,SM,1,$0.67
XGL5020-682,6.8,63.5,4.5,4.9,165,80,5.68,5.48,2.1,SM,1,$0.75
XGL5030-682,6.8,32.1,5.5,7.3,165,80,5.68,5.48,3.1,SM,1,$0.99
XEL5050-682,6.8,29.45,6,6.4,165,80,5.68,5.48,5.1,SM,1,$0.85
XGL5050-682,6.8,23.1,6.2,7.5,165,80,5.68,5.48,5.1,SM,1,$0.85
XAL5050-682,6.8,29.45,6,6.4,165,60,5.68,5.48,5.1,SM,1,$0.85
XAL6060-682,6.8,20.8,9.2,9,165,60,6.76,6.56,6.1,SM,1,$0.88
XEL6060-682,6.8,22.9,7.9,9.8,165,80,6.76,6.56,6.1,SM,1,$0.88
XGL6020-682,6.8,49.8,5.1,6.2,165,80,6.91,6.71,2.1,SM,1,$0.77
XGL6030-682,6.8,29.5,7.3,8.2,165,80,6.91,6.71,3.1,SM,1,$1.06
XGL6060-682,6.8,14,8.9,11.5,165,80,6.91,6.71,6.1,SM,1,$0.88
XAL7030-682,6.8,51.75,8.7,6.8,165,60,8,8,3.1,SM,1,$1.06
XAL7070-682,6.8,19.62,12.8,9.2,165,60,8,7.7,7,SM,1,$1.28
XAL8080-682,6.8,14.5,14,11.3,165,60,8.8,8.3,8,SM,1,$3.29
XGL1060-682,6.8,12.5,18.4,14.8,165,60,11.8,10.5,6,SM,1,$2.06
XGL1010-682,6.8,7,22,21.2,165,60,11.8,10.5,10,SM,1,$2.14
XAL1010-682,6.8,8.9,21.8,18.5,165,60,11.8,10.5,10,SM,1,$2.14
XGL1313-682,6.8,4.3,26.5,22,165,60,15.2,13.6,13,SM,1,$2.57
XAL1510-682,6.8,4.6,36,26,165,60,16.4,15.4,10,SM,1,$3.14
XAL1580-612,6.1,6.79,31,22.6,165,60,16.4,15.4,8,SM,1,$2.77
XGL3530-562,5.6,62.1,2.4,4.05,165,80,3.65,3.35,3,SM,1,$0.67
XGL4020-562,5.6,53.6,3.7,5.3,165,80,4.3,4.3,2.1,SM,1,$0.63
XGL4025-562,5.6,47.9,3.8,5.1,165,80,4.3,4.3,2.5,SM,1,$0.63
XGL4030-562,5.6,34.7,4.2,5.5,165,80,4.3,4.3,3.1,SM,1,$0.65
XGL5020-562,5.6,52,4.9,5.9,165,80,5.68,5.48,2.1,SM,1,$0.75
XGL5030-562,5.6,27,6,7.9,165,80,5.68,5.48,3.1,SM,1,$0.99
XGL5050-562,5.6,19.7,6.4,8,165,80,5.68,5.48,5.1,SM,1,$0.85
XAL5050-562,5.6,25.8,6.3,7.2,165,60,5.68,5.48,5.1,SM,1,$0.85
XEL5050-562,5.6,24.8,6.6,7.6,165,80,5.68,5.48,5.1,SM,1,$0.85
XAL6060-562,5.6,15.9,9.9,10,165,60,6.76,6.56,6.1,SM,1,$0.88
XGL6020-562,5.6,40.4,5.7,6.3,165,80,6.91,6.71,2.1,SM,1,$0.77
XGL6030-562,5.6,24.1,8.2,8.8,165,80,6.91,6.71,3.1,SM,1,$1.06
XGL6060-562,5.6,11.7,9.6,12.6,165,80,6.91,6.71,6.1,SM,1,$0.88
XAL7030-562,5.6,32.32,9.8,7.3,165,60,8,8,3.1,SM,1,$1.06
XAL7070-562,5.6,15.03,13,11.4,165,60,8,7.7,7,SM,1,$1.28
XGL1060-562,5.6,10.1,19.7,16.4,165,60,11.8,10.5,6,SM,1,$2.06
XGL1010-562,5.6,5.9,24,24,165,60,11.8,10.5,10,SM,1,$2.14
XAL1010-562,5.6,6.93,23.6,21.2,165,60,11.8,10.5,10,SM,1,$2.14
XAL1580-532,5.3,5.22,33,26.5,165,60,16.4,15.4,8,SM,1,$2.77
XFL3010-472,4.7,230,1.1,1.1,165,40,3.2,3.2,1.1,SM,1,$0.53
XFL3012-472,4.7,171,1.2,1.4,125,40,3.2,3.2,1.3,SM,3,$0.52
XGL3520-472,4.7,72.6,2.3,4.3,165,80,3.65,3.35,2,SM,1,$0.67
XGL3530-472,4.7,51.2,2.7,4.5,165,80,3.65,3.35,3,SM,1,$0.67
XGL4018-472,4.7,69.4,3.4,4.5,165,80,4.3,4.3,1.8,SM,1,$0.61
XFL4020-472,4.7,57.4,2.7,5,165,20,4.3,4.3,2.1,SM,1,$0.69
XGL4020-472,4.7,47.3,4.1,5.6,165,80,4.3,4.3,2.1,SM,1,$0.63
XGL4025-472,4.7,39.5,4.3,5.4,165,80,4.3,4.3,2.5,SM,1,$0.63
XGL4030-472,4.7,31.5,4.4,6.6,165,80,4.3,4.3,3.1,SM,1,$0.65
XEL4030V-472,4.7,44.1,4.6,5.1,165,120,4.3,4.3,3.1,SM,1,$0.73
XFL4030-472,4.7,30,2.1,7.5,165,20,4.3,4.3,3.1,SM,1,$0.72
XEL4030-472,4.7,44.1,4.6,5.1,165,80,4.3,4.3,3.1,SM,1,$0.65
XAL4030-472,4.7,44.1,4.6,5.1,165,60,4.3,4.3,3.1,SM,1,$0.65
XGL4040-472,4.7,24.5,4.4,7.1,165,80,4.3,4.3,4.1,SM,1,$0.67
XGL5020-472,4.7,41.5,5.3,7.9,165,80,5.68,5.48,2.1,SM,1,$0.75
XAL5030-472,4.7,40,6.7,5.9,165,60,5.68,5.48,3.1,SM,1,$0.99
XFL5030-472,4.7,22,3.3,8.7,165,20,5.68,5.48,3.1,SM,1,$1.09
XGL5030-472,4.7,24.5,6.7,8.5,165,80,5.68,5.48,3.1,SM,1,$0.99
XEL5030-472,4.7,40,6.7,5.9,165,80,5.68,5.48,3.1,SM,1,$0.99
XEL5050-472,4.7,21.5,7.4,8.1,165,80,5.68,5.48,5.1,SM,1,$0.85
XGL5050-472,4.7,16,7,9.7,165,80,5.68,5.48,5.1,SM,1,$0.85
XAL6060-472,4.7,14.4,10.5,11,165,60,6.76,6.56,6.1,SM,1,$0.88
XEL6060-472,4.7,15.02,11.4,12.1,165,80,6.76,6.56,6.1,SM,1,$0.88
XGL6020-472,4.7,33.8,6,7.7,165,80,6.91,6.71,2.1,SM,1,$0.77
XGL6030-472,4.7,21,8.6,10,165,80,6.91,6.71,3.1,SM,1,$1.06
XGL6060-472,4.7,10.1,10.2,13.5,165,80,6.91,6.71,6.1,SM,1,$0.88
XAL7030-472,4.7,30,10.1,9,165,60,8,8,3.1,SM,1,$1.06
XAL7070-472,4.7,14.26,15.2,13.6,165,60,8,7.7,7,SM,1,$1.28
XAL8080-472,4.7,9.77,17.4,14.6,165,60,8.8,8.3,8,SM,1,$3.29
XGL1060-472,4.7,8.5,22.5,18.2,165,60,11.8,10.5,6,SM,1,$2.06
XAL1060-472,4.7,10.72,25,14,165,60,11.8,10.5,6,SM,1,$2.06
XGL1010-472,4.7,4.6,29,24.7,165,60,11.8,10.5,10,SM,1,$2.14
XAL1010-472,4.7,5.7,25.4,24,165,60,11.8,10.5,10,SM,1,$2.14
XGL1313-472,4.7,2.8,35,24.3,165,60,15.2,13.6,13,SM,1,$2.57
XAL1510-472,4.7,3.8,39,29,165,60,16.4,15.4,10,SM,1,$3.14
XAL1580-452,4.5,4.58,34.2,27,165,60,16.4,15.4,8,SM,1,$2.77
XFL2010-332,3.3,213,1,1.2,165,40,2.2,2.1,1,SM,1,$0.60
XFL3010-332,3.3,166,1.3,1.2,165,40,3.2,3.2,1.1,SM,1,$0.53
XFL3012-332,3.3,127,1.4,1.6,125,40,3.2,3.2,1.3,SM,3,$0.52
XGL3520-332,3.3,49.4,2.8,5.1,165,80,3.65,3.35,2,SM,1,$0.67
XGL3530-332,3.3,37.4,3.3,5.4,165,80,3.65,3.35,3,SM,1,$0.67
XGL4018-332,3.3,48.1,4,5.2,165,80,4.3,4.3,1.8,SM,1,$0.61
XGL4020-332,3.3,34,4.8,6.6,165,80,4.3,4.3,2.1,SM,1,$0.63
XFL4020-332,3.3,38.3,2.9,5.2,165,20,4.3,4.3,2.1,SM,1,$0.69
XGL4025-332,3.3,27,4.9,6.9,165,80,4.3,4.3,2.5,SM,1,$0.63
XEL4030-332,3.3,28.6,5.9,6.6,165,80,4.3,4.3,3.1,SM,1,$0.65
XAL4030-332,3.3,28.6,5.9,6.6,165,60,4.3,4.3,3.1,SM,1,$0.65
XGL4030-332,3.3,21.9,5.3,7.5,165,80,4.3,4.3,3.1,SM,1,$0.65
XEL4030V-332,3.3,28.6,5.9,6.6,165,120,4.3,4.3,3.1,SM,1,$0.73
XGL4040-332,3.3,16.6,5.5,8.7,165,80,4.3,4.3,4.1,SM,1,$0.67
XFL5018-332,3.3,37,3.4,8,165,20,5.68,5.48,1.8,SM,1,Quote
XGL5020-332,3.3,27,6.5,9.4,165,80,5.68,5.48,2.1,SM,1,$0.75
XGL5030-332,3.3,14.9,8.4,10,165,80,5.68,5.48,3.1,SM,1,$0.99
XEL5030-332,3.3,23.3,8.4,8.1,165,80,5.68,5.48,3.1,SM,1,$0.99
XFL5030-332,3.3,16,4.2,10,165,20,5.68,5.48,3.1,SM,1,$1.09
XAL5030-332,3.3,23.3,8.7,8.1,165,60,5.68,5.48,3.1,SM,1,$0.99
XEL5050-332,3.3,14.6,8.4,10.6,165,80,5.68,5.48,5.1,SM,1,$0.85
XGL5050-332,3.3,11.5,8.6,11.3,165,80,5.68,5.48,5.1,SM,1,$0.85
XAL6030-332,3.3,20.81,12.2,8,165,60,6.76,6.56,3.1,SM,1,$1.06
XEL6030-332,3.3,20.81,10.5,8,165,80,6.76,6.56,3.1,SM,1,$1.06
XGL6020-332,3.3,24.3,7.6,8.8,165,80,6.91,6.71,2.1,SM,1,$0.77
XGL6030-332,3.3,15.4,10.4,10.5,165,80,6.91,6.71,3.1,SM,1,$1.06
XGL6060-332,3.3,6.5,13.4,16.6,165,80,6.91,6.71,6.1,SM,1,$0.88
XAL7030-332,3.3,21.45,12.3,10,165,60,8,8,3.1,SM,1,$1.06
XAL7070-332,3.3,9.42,19.4,15.1,165,60,8,7.7,7,SM,1,$1.28
XAL1060-332,3.3,7.92,26,16.8,165,60,11.8,10.5,6,SM,1,$2.06
XGL1060-332,3.3,5.7,26,22,165,60,11.8,10.5,6,SM,1,$2.06
XGL1010-332,3.3,3.7,34,26,165,60,11.8,10.5,10,SM,1,$2.14
XAL1010-332,3.3,4.1,27.4,25,165,60,11.8,10.5,10,SM,1,$2.14
XGL1313-332,3.3,2.3,40,25.6,165,60,15.2,13.6,13,SM,1,$2.57
XFL4030-302,3,20.5,2.2,8,165,20,4.3,4.3,3.1,SM,1,$0.72
XAL1350-302,3,6.8,37,21,165,60,14.2,13.2,5,SM,1,$3.02
XAL1580-302,3,3.1,43,34.4,165,60,16.4,15.4,8,SM,1,$2.77
XGL5050-282,2.8,9.8,9.8,12.4,165,80,5.68,5.48,5.1,SM,1,$0.85
XGL4015-272,2.7,48.8,4.5,5.1,165,80,4.3,4.3,1.5,SM,1,$0.61
XEL6060-272,2.7,7.63,13.8,17,165,80,6.76,6.56,6.1,SM,1,$0.88
XAL7030-272,2.7,17.3,12.8,11.4,165,60,8,8,3.1,SM,1,$1.06
XGL1060-272,2.7,4.9,29,23.2,165,60,11.8,10.5,6,SM,1,$2.06
XFL2010-222,2.2,156,1.25,1.35,165,40,2.2,2.1,1,SM,1,$0.60
XFL3010-222,2.2,122,1.5,1.3,165,40,3.2,3.2,1.1,SM,1,$0.53
XFL3012-222,2.2,97,1.6,1.9,125,40,3.2,3.2,1.3,SM,3,$0.52
XGL3515-222,2.2,46.7,3.2,5.1,165,80,3.65,3.35,1.5,SM,1,$0.61
XGL3520-222,2.2,31.8,3.7,6,165,80,3.65,3.35,2,SM,1,$0.67
XGL3530-222,2.2,23,4,7.2,165,80,3.65,3.35,3,SM,1,$0.67
XGL4015-222,2.2,36,4.9,6.1,165,80,4.3,4.3,1.5,SM,1,$0.61
XGL4018-222,2.2,31.1,5,6.8,165,80,4.3,4.3,1.8,SM,1,$0.61
XGL4020-222,2.2,21.5,6.2,8.9,165,80,4.3,4.3,2.1,SM,1,$0.63
XEL4020-222,2.2,38.7,5.9,5.5,165,80,4.3,4.3,2.1,SM,1,$0.63
XEL4020V-222,2.2,38.7,5.9,5.5,165,120,4.3,4.3,2.1,SM,1,$0.71
XFL4020-222,2.2,23.5,3.7,8,165,20,4.3,4.3,2.1,SM,1,$0.69
XAL4020-222,2.2,38.7,5.6,5.5,165,60,4.3,4.3,2.1,SM,1,$0.63
XGL4025-222,2.2,16.9,6.3,9,165,80,4.3,4.3,2.5,SM,1,$0.63
XEL4030-222,2.2,22.1,6.1,7.8,165,80,4.3,4.3,3.1,SM,1,$0.65
XEL4030V-222,2.2,22.1,6.1,7.8,165,120,4.3,4.3,3.1,SM,1,$0.73
XGL4030-222,2.2,15,7,8.7,165,80,4.3,4.3,3.1,SM,1,$0.65
XGL4040-222,2.2,11.5,6.4,11,165,80,4.3,4.3,4.1,SM,1,$0.67
XFL5018-222,2.2,24.5,4.5,9.2,165,20,5.68,5.48,1.8,SM,1,Quote
XGL5020-222,2.2,18.8,7.6,10.7,165,80,5.68,5.48,2.1,SM,1,$0.75
XEL5030-222,2.2,14.5,10.5,9.7,165,80,5.68,5.48,3.1,SM,1,$0.99
XAL5030-222,2.2,14.5,9.2,9.7,165,60,5.68,5.48,3.1,SM,1,$0.99
XGL5030-222,2.2,10.6,9.4,12.9,165,80,5.68,5.48,3.1,SM,1,$0.99
XFL5030-222,2.2,12,4.3,11.5,165,20,5.68,5.48,3.1,SM,1,$1.09
XGL5050-222,2.2,8.2,10.7,13.8,165,80,5.68,5.48,5.1,SM,1,$0.85
XEL5050-222,2.2,12.43,9.5,12.1,165,80,5.68,5.48,5.2,SM,1,$0.85
XAL6030-222,2.2,13.97,15.9,10,165,60,6.76,6.56,3.1,SM,1,$1.06
XEL6030-222,2.2,13.97,13,10,165,80,6.76,6.56,3.1,SM,1,$1.06
XEL6060-222,2.2,6.7,16,18.1,165,80,6.76,6.56,6.1,SM,1,$0.88
XGL6020-222,2.2,16.1,8.8,11.4,165,80,6.91,6.71,2.1,SM,1,$0.77
XGL6030-222,2.2,10.3,12.2,12,165,80,6.91,6.71,3.1,SM,1,$1.06
XGL6060-222,2.2,4.8,16,17.2,165,80,6.91,6.71,6.1,SM,1,$0.88
XAL7020-222,2.2,31.6,13.6,7,165,60,8,8,2,SM,1,$0.83
XAL7030-222,2.2,15.07,18,12.9,165,60,8,8,3.1,SM,1,$1.06
XAL7070-222,2.2,6.33,19.6,17.8,165,60,8,7.7,7,SM,1,$1.28
XAL8080-222,2.2,4.49,24,21.5,165,60,8.8,8.3,8,SM,1,$3.29
XAL1060-222,2.2,4.95,32,20,165,60,11.8,10.5,6,SM,1,$2.06
XGL1060-222,2.2,4.3,31,25.3,165,60,11.8,10.5,6,SM,1,$2.06
XGL1010-222,2.2,2.6,36,33,165,60,11.8,10.5,10,SM,1,$2.14
XAL1010-222,2.2,2.8,34,32,165,60,11.8,10.5,10,SM,1,$2.14
XAL1350-222,2.2,4.8,46,24,165,60,14.2,13.2,5,SM,1,$3.02
XGL1313-222,2.2,1.6,46,28.5,165,60,15.2,13.6,13,SM,1,$2.57
XFL4030-202,2,11.5,3,11.8,165,20,4.3,4.3,3.1,SM,1,$0.72
XAL1580-202,2,2.29,51,39.9,165,60,16.4,15.4,8,SM,1,$2.77
XGL3515-182,1.8,41.6,3.3,5.4,165,80,3.65,3.35,1.5,SM,1,$0.61
XGL3520-182,1.8,27.8,4,6.6,165,80,3.65,3.35,2,SM,1,$0.67
XGL4025-182,1.8,14.5,6.8,9.7,165,80,4.3,4.3,2.5,SM,1,$0.63
XGL5020-182,1.8,16.5,8.3,11.7,165,80,5.68,5.48,2.1,SM,1,$0.75
XGL5030-182,1.8,8.7,10.6,14.1,165,80,5.68,5.48,3.1,SM,1,$0.99
XGL5050-182,1.8,7.8,11.1,15.3,165,80,5.68,5.48,5.1,SM,1,$0.85
XEL5050-182,1.8,9.34,12.8,14.4,165,80,5.68,5.48,5.2,SM,1,$0.85
XAL6030-182,1.8,10.52,18.2,14,165,60,6.76,6.56,3.1,SM,1,$1.06
XGL6030-182,1.8,8.9,13,13,165,80,6.91,6.71,3.1,SM,1,$1.06
XGL6060-182,1.8,4.3,16.9,19.7,165,80,6.91,6.71,6.1,SM,1,$0.88
XAL7070-182,1.8,4.46,25,21,165,60,8,7.7,7,SM,1,$1.28
XGL1060-182,1.8,3.2,35,28.2,165,60,11.8,10.5,6,SM,1,$2.06
XAL1580-182,1.8,1.93,57,43.8,165,60,16.4,15.4,8,SM,1,$2.77
XFL2010-152,1.5,115,1.45,1.55,165,40,2.2,2.1,1,SM,1,$0.60
XFL3010-152,1.5,80,1.9,1.9,165,40,3.2,3.2,1.1,SM,1,$0.53
XFL3012-152,1.5,72,2.2,2.2,125,40,3.2,3.2,1.3,SM,3,$0.52
XGL3515-152,1.5,36.3,3.9,6.1,165,80,3.65,3.35,1.5,SM,1,$0.61
XGL3520-152,1.5,22.8,4.1,7.8,165,80,3.65,3.35,2,SM,1,$0.67
XGL3530-152,1.5,15.3,5.2,8.8,165,80,3.65,3.35,3,SM,1,$0.67
XGL4015-152,1.5,23.6,6.3,7.1,165,80,4.3,4.3,1.5,SM,1,$0.61
XGL4018-152,1.5,20.8,6.4,8.2,165,80,4.3,4.3,1.8,SM,1,$0.61
XFL4020-152,1.5,15.8,4.6,9.1,165,20,4.3,4.3,2.1,SM,1,$0.69
XAL4020-152,1.5,23.6,7.1,7.5,165,60,4.3,4.3,2.1,SM,1,$0.63
XGL4020-152,1.5,14.3,7.5,11.1,165,80,4.3,4.3,2.1,SM,1,$0.63
XEL4020-152,1.5,23.6,7.4,7.5,165,80,4.3,4.3,2.1,SM,1,$0.63
XEL4020V-152,1.5,23.6,7.4,7.5,165,120,4.3,4.3,2.1,SM,1,$0.71
XGL4025-152,1.5,12,7.6,11,165,80,4.3,4.3,2.5,SM,1,$0.63
XEL4030V-152,1.5,16.6,8.5,8.1,165,120,4.3,4.3,3.1,SM,1,$0.73
XGL4030-152,1.5,10.5,8.8,10.2,165,80,4.3,4.3,3.1,SM,1,$0.65
XEL4030-152,1.5,16.6,8.5,8.1,165,80,4.3,4.3,3.1,SM,1,$0.65
XGL4040-152,1.5,7.9,7.9,12.5,165,80,4.3,4.3,4.1,SM,1,$0.67
XFL5015-152,1.5,20.1,5.8,8,165,20,5.68,5.48,1.5,SM,1,$0.73
XGL5020-152,1.5,13.2,8.9,12.8,165,80,5.68,5.48,2.1,SM,1,$0.75
XGL5030-152,1.5,7.9,12.2,15.4,165,80,5.68,5.48,3.1,SM,1,$0.99
XEL5030-152,1.5,11.9,15,12.2,165,80,5.68,5.48,3.1,SM,1,$0.99
XGL5050-152,1.5,5.7,13.1,17.1,165,80,5.68,5.48,5.1,SM,1,$0.85
XEL6030-152,1.5,10.52,15,14,165,80,6.76,6.56,3.1,SM,1,$1.06
XEL6060-152,1.5,4.71,19,21.6,165,80,6.76,6.56,6.1,SM,1,$0.88
XGL6020-152,1.5,11,11.4,12,165,80,6.91,6.71,2.1,SM,1,$0.77
XGL6030-152,1.5,7.3,14.5,15,165,80,6.91,6.71,3.1,SM,1,$1.06
XGL6060-152,1.5,3.8,18.3,20.2,165,80,6.91,6.71,6.1,SM,1,$0.88
XFL7015-152,1.5,22.6,6.6,8,165,20,8,8,1.5,SM,1,$1.21
XAL7020-152,1.5,19.3,15,9,165,60,8,8,2,SM,1,$0.83
XAL7030-152,1.5,8.36,23.5,15,165,60,8,8,3.1,SM,1,$1.06
XAL1060-152,1.5,3.3,36,24.4,165,60,11.8,10.5,6,SM,1,$2.06
XGL1060-152,1.5,2.8,40,31.3,165,60,11.8,10.5,6,SM,1,$2.06
XGL1010-152,1.5,1.7,45,40.7,165,60,11.8,10.5,10,SM,1,$2.14
XAL1010-152,1.5,1.76,36.6,40.5,165,60,11.8,10.5,10,SM,1,$2.14
XGL1313-152,1.5,1.2,53,29.7,165,60,15.2,13.6,13,SM,1,$2.57
XAL1350-132,1.3,2.7,56,32,165,60,14.2,13.2,5,SM,1,$3.02
XAL1580-132,1.3,1.38,65,46.7,165,60,16.4,15.4,8,SM,1,$2.77
XGL3512-122,1.2,37.4,4.1,5.9,165,80,3.65,3.35,1.2,SM,1,$0.61
XGL3515-122,1.2,27.2,4.3,6.8,165,80,3.65,3.35,1.5,SM,1,$0.61
XGL3520-122,1.2,18.2,4.7,8.6,165,80,3.65,3.35,2,SM,1,$0.67
XEL3520-122,1.2,40.25,4.8,5.2,165,80,3.65,3.35,2,SM,1,$0.67
XGL3530-122,1.2,12.8,5.6,10.4,165,80,3.65,3.35,3,SM,1,$0.67
XEL3530-122,1.2,20.5,5.2,6,165,80,3.65,3.35,3,SM,1,$0.67
XGL4012-122,1.2,35.3,6,6.6,165,80,4.3,4.3,1.2,SM,1,$0.58
XFL4015-122,1.2,20.7,4.5,7.1,165,20,4.3,4.3,1.6,SM,1,$0.67
XAL4020-122,1.2,19.5,7.9,9,165,60,4.3,4.3,2.1,SM,1,$0.63
XEL4020V-122,1.2,19.5,8.1,9,165,120,4.3,4.3,2.1,SM,1,$0.71
XEL4020-122,1.2,19.5,8.1,9,165,80,4.3,4.3,2.1,SM,1,$0.63
XGL4025-122,1.2,10,8.2,11.3,165,80,4.3,4.3,2.5,SM,1,$0.63
XEL4030-122,1.2,11.5,8.7,9.8,165,80,4.3,4.3,3.1,SM,1,$0.65
XEL4030V-122,1.2,11.5,8.7,9.8,165,120,4.3,4.3,3.1,SM,1,$0.73
XGL4030-122,1.2,9.4,9.2,12.2,165,80,4.3,4.3,3.1,SM,1,$0.65
XFL5015-122,1.2,16.6,6.1,9.2,165,20,5.68,5.48,1.5,SM,1,$0.73
XAL5020-122,1.2,20.5,9.5,9.4,165,60,5.68,5.48,2,SM,1,$0.75
XGL5020-122,1.2,10.3,10,13.3,165,80,5.68,5.48,2.1,SM,1,$0.75
XGL5030-122,1.2,6,13,16.8,165,80,5.68,5.48,3.1,SM,1,$0.99
XAL5030-122,1.2,12.4,12.5,10.4,165,60,5.68,5.48,3.1,SM,1,$0.99
XEL5030-122,1.2,10.5,15.3,14.4,165,80,5.68,5.48,3.1,SM,1,$0.99
XGL5050-122,1.2,4.6,15.1,20.1,165,80,5.68,5.48,5.1,SM,1,$0.85
XEL5050-122,1.2,6.48,15.2,17.3,165,80,5.68,5.48,5.3,SM,1,$0.85
XAL6030-122,1.2,7.5,22,16,165,60,6.76,6.56,3.1,SM,1,$1.06
XGL6030-122,1.2,5.4,17.3,16.5,165,80,6.91,6.71,3.1,SM,1,$1.06
XGL6060-122,1.2,3.4,20.5,21.5,165,80,6.91,6.71,6.1,SM,1,$0.88
XAL7020-122,1.2,12.8,17.6,10,165,60,8,8,2,SM,1,$0.83
XAL7070-122,1.2,3.41,31.2,21.6,165,60,8,7.7,7,SM,1,$1.28
XAL1060-122,1.2,2.75,43,26.3,165,60,11.8,10.5,6,SM,1,$2.06
XGL1010-122,1.2,1.4,50,41.5,165,60,11.8,10.5,10,SM,1,$2.14
XEL3520-112,1.1,36.25,5,5.4,165,80,3.65,3.35,2,SM,1,$0.67
XAL6020-112,1.1,13.1,17.1,12,165,60,6.76,6.56,2.1,SM,1,$0.77
XFL2006-102,1,169,1.2,1.22,125,40,2.2,2.1,0.6,SM,-,$0.51
XFL2010-102,1,83,1.68,1.8,165,40,2.2,2.1,1,SM,1,$0.60
XFL3010-102,1,49,2.4,2.3,165,40,3.2,3.2,1.1,SM,1,$0.53
XFL3012-102,1,46,2.3,2.6,125,40,3.2,3.2,1.3,SM,3,$0.52
XGL3512-102,1,32.2,4.5,6.6,165,80,3.65,3.35,1.2,SM,1,$0.61
XGL3515-102,1,21.3,4.9,7.9,165,80,3.65,3.35,1.5,SM,1,$0.61
XGL3520-102,1,14.8,5.4,10.1,165,80,3.65,3.35,2,SM,1,$0.67
XGL3530-102,1,10.5,6.2,11.7,165,80,3.65,3.35,3,SM,1,$0.67
XGL4012-102,1,29.9,6.6,7,165,80,4.3,4.3,1.2,SM,1,$0.58
XGL4015-102,1,18,7.3,8.9,165,80,4.3,4.3,1.5,SM,1,$0.61
XGL4018-102,1,12.9,7.8,10.4,165,80,4.3,4.3,1.8,SM,1,$0.61
XAL4020-102,1,14.6,8.7,9.6,165,60,4.3,4.3,2.1,SM,1,$0.63
XEL4020V-102,1,14.6,9,9.6,165,120,4.3,4.3,2.1,SM,1,$0.71
XFL4020-102,1,11.9,5.4,11,165,20,4.3,4.3,2.1,SM,1,$0.69
XEL4020-102,1,14.6,9,9.6,165,80,4.3,4.3,2.1,SM,1,$0.63
XGL4020-102,1,9,8.8,12,165,80,4.3,4.3,2.1,SM,1,$0.63
XGL4025-102,1,8.5,8.9,13.1,165,80,4.3,4.3,2.5,SM,1,$0.63
XEL4030V-102,1,9.78,9,10.7,165,120,4.3,4.3,3.1,SM,1,$0.73
XFL4030-102,1,6.6,4.1,14.5,165,20,4.3,4.3,3.1,SM,1,$0.72
XEL4030-102,1,9.78,9,10.7,165,80,4.3,4.3,3.1,SM,1,$0.65
XGL4030-102,1,7.2,10.3,13,165,80,4.3,4.3,3.1,SM,1,$0.65
XGL4040-102,1,5.6,9.3,14.8,165,80,4.3,4.3,4.1,SM,1,$0.67
XEL5020-102,1,14.5,12.4,9.6,165,80,5.68,5.48,2.1,SM,1,$0.75
XGL5020-102,1,8.7,11.4,15,165,80,5.68,5.48,2.1,SM,1,$0.75
XAL5030-102,1,9.4,14,11.1,165,60,5.68,5.48,3.1,SM,1,$0.99
XGL5030-102,1,5.8,14,17.8,165,80,5.68,5.48,3.1,SM,1,$0.99
XFL5030-102,1,5,6.5,18,165,20,5.68,5.48,3.1,SM,1,$1.09
XEL5030-102,1,8.4,16.9,15.4,165,80,5.68,5.48,3.1,SM,1,$0.99
XGL5050-102,1,3.9,15.4,21,165,80,5.68,5.48,5.1,SM,1,$0.85
XFL6012-102,1,25.2,8,8,165,20,6.76,6.56,1.2,SM,1,$1.13
XEL6030-102,1,6.95,18,16,165,80,6.76,6.56,3.1,SM,1,$1.06
XAL6030-102,1,6.18,23,18,165,60,6.76,6.56,3.1,SM,1,$1.06
XEL6060-102,1,4.07,20,23.2,165,80,6.76,6.56,6.1,SM,1,$0.88
XGL6020-102,1,8,13.4,13.9,165,80,6.91,6.71,2.1,SM,1,$0.77
XGL6030-102,1,4.9,17.7,18.1,165,80,6.91,6.71,3.1,SM,1,$1.06
XGL6060-102,1,2.9,23,22,165,80,6.91,6.71,6.1,SM,1,$0.88
XFL7015-102,1,16,7.4,10.5,165,20,8,8,1.5,SM,1,$1.21
XAL7020-102,1,10.8,18,11,165,60,8,8,2,SM,1,$0.83
XAL7030-102,1,5,28,21.8,165,60,8,8,3.1,SM,1,$1.06
XAL7070-102,1,2.81,34.8,25,165,60,8,7.7,7,SM,1,$1.28
XAL8080-102,1,2.33,31.3,34.1,165,60,8.8,8.3,8,SM,1,$3.29
XAL1030-102,1,4.95,35,23,165,60,11.8,10.5,3.1,SM,1,$1.65
XGL1060-102,1,2,48,39.9,165,60,11.8,10.5,6,SM,1,$2.06
XAL1010-102,1,1.1,55,43.5,165,60,11.8,10.5,10,SM,1,$2.14
XAL1580-102,1,1.12,73.5,57.5,165,60,16.4,15.4,8.2,SM,1,$2.77
XAL1350-931,0.93,2.2,60,33,165,60,14.2,13.2,5,SM,1,$3.02
XEL3530-901,0.9,14.6,5.9,8.4,165,80,3.65,3.35,3,SM,1,$0.67
XGL4025-901,0.9,7.4,9.6,13.7,165,80,4.3,4.3,2.5,SM,1,$0.63
XEL4030-901,0.9,8.8,10,11.2,165,80,4.3,4.3,3.1,SM,1,$0.65
XEL4030V-901,0.9,8.8,10,11.2,165,120,4.3,4.3,3.1,SM,1,$0.73
XEL5020-901,0.9,12.53,13.9,10,165,80,5.68,5.48,2.1,SM,1,$0.75
XGL5020-901,0.9,8,11.8,15.6,165,80,5.68,5.48,2.1,SM,1,$0.75
XGL5030-901,0.9,5.2,14.5,19.7,165,80,5.68,5.48,3.1,SM,1,$0.99
XEL5050-901,0.9,5.6,17.2,19.6,165,80,5.68,5.48,5.3,SM,1,$0.85
XAL6020-901,0.9,11.1,19.1,15.2,165,60,6.76,6.56,2.1,SM,1,$0.77
XFL2010-821,0.82,61,1.95,2.15,165,40,2.2,2.1,1,SM,1,$0.60
XGL3512-821,0.82,28.2,5.1,7.4,165,80,3.65,3.35,1.2,SM,1,$0.61
XGL3515-821,0.82,18.4,5.3,8.5,165,80,3.65,3.35,1.5,SM,1,$0.61
XGL3520-821,0.82,12,6.2,10.4,165,80,3.65,3.35,2,SM,1,$0.67
XGL3530-821,0.82,9.2,6.7,12.5,165,80,3.65,3.35,3,SM,1,$0.67
XGL4015-821,0.82,15.4,7.9,9.7,165,80,4.3,4.3,1.5,SM,1,$0.61
XGL4018-821,0.82,11.6,8.3,11,165,80,4.3,4.3,1.8,SM,1,$0.61
XGL4020-821,0.82,8.6,9.4,14,165,80,4.3,4.3,2.1,SM,1,$0.63
XEL4020-821,0.82,13,10.2,11.5,165,80,4.3,4.3,2.1,SM,1,$0.63
XEL4020V-821,0.82,13,10.2,11.5,165,120,4.3,4.3,2.1,SM,1,$0.71
XGL4025-821,0.82,7.2,10.1,14.4,165,80,4.3,4.3,2.5,SM,1,$0.63
XGL5020-821,0.82,6.8,12.3,17.1,165,80,5.68,5.48,2.1,SM,1,$0.75
XGL5030-821,0.82,4.6,16.7,21.1,165,80,5.68,5.48,3.2,SM,1,$0.99
XGL5050-821,0.82,3.5,15.5,22.9,165,80,5.68,5.48,5.1,SM,1,$0.85
XEL6030-821,0.82,5.6,21,16,165,80,6.76,6.56,3.2,SM,1,$1.06
XEL6060-821,0.82,3.33,20,25.7,165,80,6.76,6.56,6.1,SM,1,$0.88
XGL6030-821,0.82,4,21,21,165,80,6.91,6.71,3.1,SM,1,$1.06
XEL3520-801,0.8,23.55,5.6,8.3,165,80,3.65,3.35,2,SM,1,$0.67
XAL5020-801,0.8,11.8,12,13,165,60,5.68,5.48,2,SM,1,$0.75
XAL5030-801,0.8,5.65,18.5,13,165,60,5.68,5.48,3.1,SM,1,$0.99
XFL6012-801,0.8,20.7,9.3,9.4,165,20,6.76,6.56,1.2,SM,1,$1.13
XAL7070-801,0.8,2.29,37.8,25.8,165,60,8,7.7,7,SM,1,$1.28
XGL1010-801,0.8,1.1,64,48,165,60,11.8,10.5,10,SM,1,$2.14
XEL4014-781,0.78,22.8,9.8,6.5,165,120,4.3,4.3,1.4,SM,1,$0.58
XEL4014V-781,0.78,22.8,9.8,6.5,165,120,4.3,4.3,1.4,SM,1,$0.65
XGL4030-761,0.76,5.5,11.8,14.2,165,80,4.3,4.3,3.1,SM,1,$0.65
XAL1580-741,0.74,0.86,86,59.7,165,60,16.4,15.4,8.2,SM,1,$2.77
XGL5050-721,0.72,3.3,16.8,23.5,165,80,5.68,5.48,5.1,SM,1,$0.85
XGL3530-701,0.7,8,7.3,12.9,165,80,3.65,3.35,3,SM,1,$0.67
XFL4015-701,0.7,10.45,6.3,10.1,165,20,4.3,4.3,1.6,SM,1,$0.67
XFL3012-681,0.68,40,2.7,2.8,125,40,3.2,3.2,1.3,SM,3,$0.52
XGL3515-681,0.68,13.3,6.4,9.5,165,80,3.65,3.35,1.5,SM,1,$0.61
XGL3520-681,0.68,9.7,6.6,12.4,165,80,3.65,3.35,2,SM,1,$0.67
XEL3530-681,0.68,11.85,6.2,9.2,165,80,3.65,3.35,3,SM,1,$0.67
XGL4015-681,0.68,10.1,9,11,165,80,4.3,4.3,1.5,SM,1,$0.61
XGL4018-681,0.68,8.9,9.4,12.4,165,80,4.3,4.3,1.8,SM,1,$0.61
XGL4025-681,0.68,6.3,11,16.4,165,80,4.3,4.3,2.5,SM,1,$0.63
XGL4040-681,0.68,4,10.5,18.3,165,80,4.3,4.3,4.1,SM,1,$0.67
XFL5015-681,0.68,9.4,8.5,11.3,165,20,5.68,5.48,1.5,SM,1,$0.73
XGL5020-681,0.68,6.1,14,17.6,165,80,5.68,5.48,2.1,SM,1,$0.75
XEL5020-681,0.68,10.25,16.3,12,165,80,5.68,5.48,2.1,SM,1,$0.75
XEL5050-681,0.68,4.55,18.2,22,165,80,5.68,5.48,5.3,SM,1,$0.85
XGL6020-681,0.68,5.5,16.7,19,165,80,6.91,6.71,2.1,SM,1,$0.77
XGL6030-681,0.68,3.5,22,22.5,165,80,6.91,6.71,3.1,SM,1,$1.06
XGL6060-681,0.68,2.3,26.5,22.7,165,80,6.91,6.71,6.1,SM,1,$0.88
XFL7015-681,0.68,8.47,10,15,165,20,8,8,1.5,SM,1,$1.21
XAL7020-681,0.68,9.5,22.3,13,165,60,8,8,2,SM,1,$0.83
XAL8080-681,0.68,1.65,38,37,165,60,8.8,8.3,8,SM,1,$3.29
XAL1060-681,0.68,1.5,52,33.9,165,60,11.8,10.5,6,SM,1,$2.06
XAL1010-681,0.68,0.96,62,48,165,60,11.8,10.5,10,SM,1,$2.14
XGL5030-651,0.65,4,17.9,21.2,165,80,5.68,5.48,3.2,SM,1,$0.99
XAL7070-651,0.65,1.93,40,26.5,165,60,8,7.7,7,SM,1,$1.28
XEL4030-641,0.64,5.9,13.5,13.7,165,80,4.3,4.3,3.1,SM,1,$0.65
XEL4030V-641,0.64,5.9,13.5,13.7,165,120,4.3,4.3,3.1,SM,1,$0.73
XAL1350-631,0.63,1.7,74,38,165,60,14.2,13.2,5,SM,1,$3.02
XGL3512-621,0.62,23.8,5.7,8.1,165,80,3.65,3.35,1.2,SM,1,$0.61
XGL4030-621,0.62,4.6,12.7,15,165,80,4.3,4.3,3.1,SM,1,$0.65
XFL2010-601,0.6,54,2.32,2.35,165,40,2.2,2.1,1,SM,1,$0.60
XFL3010-601,0.6,33,2.7,2.5,165,40,3.2,3.2,1.1,SM,1,$0.53
XGL3530-601,0.6,6.9,7.4,14.7,165,80,3.65,3.35,3,SM,1,$0.67
XFL4012-601,0.6,19.14,6.5,7.65,165,20,4.3,4.3,1.2,SM,1,$0.64
XGL4012-601,0.6,17.5,8.4,9,165,80,4.3,4.3,1.2,SM,1,$0.58
XGL4020-601,0.6,5.9,11.7,18.4,165,80,4.3,4.3,2.1,SM,1,$0.63
XAL4020-601,0.6,10.45,10.4,11.7,165,60,4.3,4.3,2.1,SM,1,$0.63
XAL5030-601,0.6,4.52,19.8,17.7,165,60,5.68,5.48,3.1,SM,1,$0.99
XEL5030-601,0.6,5.33,22,21.4,165,80,5.68,5.48,3.2,SM,1,$0.99
XGL5030-601,0.6,3.2,18.7,23,165,80,5.68,5.48,3.2,SM,1,$0.99
XFL6012-601,0.6,15.5,10.4,11.2,165,20,6.76,6.56,1.2,SM,1,$1.13
XAL6020-601,0.6,7.1,20.5,18.5,165,60,6.76,6.56,2.1,SM,1,$0.77
XAL7030-601,0.6,3.3,36,23,165,60,8,8,3.1,SM,1,$1.06
XFL3012-561,0.56,32,2.9,3,125,40,3.2,3.2,1.3,SM,3,$0.52
XEL3515-561,0.56,23.7,6.5,8.1,165,80,3.65,3.35,1.5,SM,1,$0.61
XGL3515-561,0.56,11.8,6.6,10.9,165,80,3.65,3.35,1.5,SM,1,$0.61
XEL3520-561,0.56,16.7,7.3,10.1,165,80,3.65,3.35,2,SM,1,$0.67
XGL3520-561,0.56,9.1,6.9,13.6,165,80,3.65,3.35,2,SM,1,$0.67
XEL4014V-561,0.56,18.4,11.6,7.5,165,120,4.3,4.3,1.4,SM,1,$0.65
XEL4014-561,0.56,18.4,11.6,7.5,165,120,4.3,4.3,1.4,SM,1,$0.58
XGL4018-561,0.56,8.2,10.3,12.9,165,80,4.3,4.3,1.8,SM,1,$0.61
XEL4020V-561,0.56,8.8,11.3,13.8,165,120,4.3,4.3,2.1,SM,1,$0.71
XEL4020-561,0.56,8.8,11.3,13.8,165,80,4.3,4.3,2.1,SM,1,$0.63
XFL4020-561,0.56,6.15,6.3,13,165,20,4.3,4.3,2.1,SM,1,$0.69
XGL4025-561,0.56,4.9,12.6,17.2,165,80,4.3,4.3,2.5,SM,1,$0.63
XAL5020-561,0.56,9.54,14.1,13.9,165,60,5.68,5.48,2,SM,1,$0.75
XGL5020-561,0.56,4.9,15.2,19.4,165,80,5.68,5.48,2.1,SM,1,$0.75
XFL5030-561,0.56,3.8,9,21,165,20,5.68,5.48,3.1,SM,1,$1.09
XGL5050-561,0.56,3,18,24,165,80,5.68,5.48,5.1,SM,1,$0.85
XAL6030-561,0.56,3.31,29,22,165,60,6.76,6.56,3.1,SM,1,$1.06
XEL6060-561,0.56,2.9,23,27.7,165,80,6.76,6.56,6.1,SM,1,$0.88
XAL1030-561,0.56,2.75,44,32,165,60,11.8,10.5,3.1,SM,1,$1.65
XAL7070-551,0.55,1.56,43,29,165,60,8,7.7,7,SM,1,$1.28
XGL3512-521,0.52,17.9,6.4,9.4,165,80,3.65,3.35,1.2,SM,1,$0.61
XGL4015-521,0.52,9.6,10.2,12,165,80,4.3,4.3,1.5,SM,1,$0.61
XGL5030-521,0.52,3,20.5,25,165,80,5.68,5.48,3.2,SM,1,$0.99
XGL1010-521,0.52,0.8,76,52,165,60,11.8,10.5,10,SM,1,$2.14
XEL3530-501,0.5,8.35,7.9,11.4,165,80,3.65,3.35,3,SM,1,$0.67
XGL5050-501,0.5,2.7,19,24.2,165,80,5.68,5.48,5.1,SM,1,$0.85
XFL2005-471,0.47,204,1.2,1.25,125,40,2.2,2.1,0.5,SM,-,$0.63
XEL3520-471,0.47,10.85,8,12.1,165,80,3.65,3.35,2,SM,1,$0.67
XFL4012-471,0.47,15.48,6.7,8.7,165,20,4.3,4.3,1.2,SM,1,$0.64
XGL4015-471,0.47,7.5,10.5,13,165,80,4.3,4.3,1.5,SM,1,$0.61
XFL4015-471,0.47,8.36,6.6,11.2,165,20,4.3,4.3,1.6,SM,1,$0.67
XGL4018-471,0.47,6.1,11.4,15.2,165,80,4.3,4.3,1.8,SM,1,$0.61
XFL4020-471,0.47,5.1,7.5,17,165,20,4.3,4.3,2.1,SM,1,$0.69
XGL4020-471,0.47,5.1,13.4,19.7,165,80,4.3,4.3,2.1,SM,1,$0.63
XGL4025-471,0.47,4.5,13.5,17.8,165,80,4.3,4.3,2.5,SM,1,$0.63
XEL4030V-471,0.47,4.6,15.5,15.6,165,120,4.3,4.3,3.1,SM,1,$0.73
XFL4030-471,0.47,4.4,5.2,18,165,20,4.3,4.3,3.1,SM,1,$0.72
XGL4030-471,0.47,3.9,14.2,21.2,165,80,4.3,4.3,3.1,SM,1,$0.65
XEL4030-471,0.47,4.6,15.5,15.6,165,80,4.3,4.3,3.1,SM,1,$0.65
XGL4040-471,0.47,3.2,12.2,20.8,165,80,4.3,4.3,4.1,SM,1,$0.67
XGL5020-471,0.47,4.3,15.7,22.1,165,80,5.68,5.48,2.1,SM,1,$0.75
XEL5050-471,0.47,3.6,21,26,165,80,5.68,5.48,5.3,SM,1,$0.85
XEL6030-471,0.47,3.31,28,22.3,165,80,6.76,6.56,3.2,SM,1,$1.06
XGL6020-471,0.47,4.2,19.3,21.8,165,80,6.91,6.71,2.1,SM,1,$0.77
XGL6030-471,0.47,2.7,26.5,25,165,80,6.91,6.71,3.1,SM,1,$1.06
XGL6060-471,0.47,1.8,29.5,26,165,80,6.91,6.71,6.1,SM,1,$0.88
XFL7015-471,0.47,6.38,11.5,17,165,20,8,8,1.5,SM,1,$1.21
XAL7020-471,0.47,6.4,24.3,17,165,60,8,8,2,SM,1,$0.83
XGL3515-451,0.45,9.5,7.4,12.9,165,80,3.65,3.35,1.5,SM,1,$0.61
XGL3520-451,0.45,6.8,7.8,16.4,165,80,3.65,3.35,2,SM,1,$0.67
XGL3530-451,0.45,5.6,7.8,15.9,165,80,3.65,3.35,3,SM,1,$0.67
XGL4012-451,0.45,13.8,9.9,10.9,165,80,4.3,4.3,1.2,SM,1,$0.58
XAL6020-451,0.45,5.05,24.5,22,165,60,6.76,6.56,2.1,SM,1,$0.77
XAL1010-451,0.45,0.72,70.5,53,165,60,11.8,10.5,10,SM,1,$2.14
XFL5015-421,0.42,7.19,10.1,12.7,165,20,5.68,5.48,1.5,SM,1,$0.73
XEL5030-421,0.42,3.6,23.5,25,165,80,5.68,5.48,3.2,SM,1,$0.99
XGL3512-401,0.4,14.2,7.1,11.2,165,80,3.65,3.35,1.2,SM,1,$0.61
XEL3530-401,0.4,7.1,8.3,12.7,165,80,3.65,3.35,3,SM,1,$0.67
XAL4020-401,0.4,8.3,12.5,14,165,60,4.3,4.3,2.1,SM,1,$0.63
XGL4030-401,0.4,3.2,15.5,22.5,165,80,4.3,4.3,3.1,SM,1,$0.65
XGL5030-401,0.4,2.7,23,25.1,165,80,5.68,5.48,3.2,SM,1,$0.99
XAL1060-401,0.4,0.88,82,36.8,165,60,11.8,10.5,6,SM,1,$2.06
XAL1580-401,0.4,0.7,111,60,165,60,16.4,15.4,8.2,SM,1,$2.77
XFL6012-391,0.39,12.1,11.2,12.5,165,20,6.76,6.56,1.2,SM,1,$1.13
XFL2010-381,0.38,33,3.05,2.85,165,40,2.2,2.1,1,SM,1,$0.60
XGL4012-381,0.38,10.9,10.7,12,165,80,4.3,4.3,1.2,SM,1,$0.58
XEL5020-381,0.38,5.5,22,15,165,80,5.68,5.48,2.1,SM,1,$0.75
XGL6030-381,0.38,2.4,29,28,165,80,6.91,6.71,3.1,SM,1,$1.06
XGL4018-361,0.36,5.2,12,16.4,165,80,4.3,4.3,1.8,SM,1,$0.61
XEL3515-351,0.35,13,8,11.4,165,80,3.65,3.35,1.5,SM,1,$0.61
XGL5030-351,0.35,2.2,24.5,30.6,165,80,5.68,5.48,3.2,SM,1,$0.99
XFL2005-331,0.33,166,1.3,1.3,125,40,2.2,2.1,0.5,SM,-,$0.63
XFL3012-331,0.33,27,3.4,3.5,125,40,3.2,3.2,1.3,SM,3,$0.52
XGL3512-331,0.33,12.5,7.8,11.5,165,80,3.65,3.35,1.2,SM,1,$0.61
XGL3515-331,0.33,7.4,8.7,14.8,165,80,3.65,3.35,1.5,SM,1,$0.61
XEL3520-331,0.33,9.2,8.7,13.7,165,80,3.65,3.35,2,SM,1,$0.67
XGL3530-331,0.33,4.6,9.1,18.5,165,80,3.65,3.35,3,SM,1,$0.67
XEL4014V-331,0.33,12,14.6,9,165,120,4.3,4.3,1.4,SM,1,$0.65
XEL4014-331,0.33,12,14.6,9,165,120,4.3,4.3,1.4,SM,1,$0.58
XFL4015-331,0.33,7.5,7.5,13.2,165,20,4.3,4.3,1.6,SM,1,$0.67
XEL4020V-331,0.33,5.7,15.7,15.4,165,120,4.3,4.3,2.1,SM,1,$0.71
XFL4020-331,0.33,3.85,7.8,17.5,165,20,4.3,4.3,2.1,SM,1,$0.69
XGL4020-331,0.33,3.6,15.2,23,165,80,4.3,4.3,2.1,SM,1,$0.63
XEL4020-331,0.33,5.7,15.7,15.4,165,80,4.3,4.3,2.1,SM,1,$0.63
XGL4025-331,0.33,3.2,16.2,21.6,165,80,4.3,4.3,2.5,SM,1,$0.63
XAL5020-331,0.33,7.68,17.1,14.4,165,60,5.68,5.48,2,SM,1,$0.75
XGL5020-331,0.33,3.2,18.8,24.4,165,80,5.68,5.48,2.1,SM,1,$0.75
XAL5030-331,0.33,3.52,26,19.2,165,60,5.68,5.48,3.1,SM,1,$0.99
XGL5050-331,0.33,2,23.5,24.6,165,80,5.68,5.48,5.1,SM,1,$0.85
XAL6030-331,0.33,2.53,30,25,165,60,6.76,6.56,3.1,SM,1,$1.06
XEL6060-331,0.33,2.2,30,31.8,165,80,6.76,6.56,6.1,SM,1,$0.88
XGL6020-331,0.33,3.1,25,23.7,165,80,6.91,6.71,2.1,SM,1,$0.77
XAL7020-331,0.33,5.2,28,20,165,60,8,8,2,SM,1,$0.83
XGL3520-301,0.3,4.8,9.7,19.1,165,80,3.65,3.35,2,SM,1,$0.67
XEL3530-301,0.3,6,9.2,15.3,165,80,3.65,3.35,3,SM,1,$0.67
XGL4015-301,0.3,5.7,12.9,15.3,165,80,4.3,4.3,1.5,SM,1,$0.61
XGL4030-301,0.3,2.9,17,24,165,80,4.3,4.3,3.1,SM,1,$0.65
XEL4030V-301,0.3,3.1,19,18.9,165,120,4.3,4.3,3.2,SM,1,$0.73
XEL4030-301,0.3,3.1,19,18.9,165,80,4.3,4.3,3.2,SM,1,$0.65
XGL4040-301,0.3,2.6,15.3,24.6,165,80,4.3,4.3,4.1,SM,1,$0.67
XAL7030-301,0.3,1.92,41,27.6,165,60,8,8,3.1,SM,1,$1.06
XAL7070-301,0.3,1.17,55.6,33.4,165,60,8,7.7,7,SM,1,$1.28
XAL1030-301,0.3,1.7,68,35,165,60,11.8,10.5,3.1,SM,1,$1.65
XEL5050-281,0.28,2.64,28,30.1,165,80,5.68,5.48,5.3,SM,1,$0.85
XEL6030-281,0.28,2.35,38,26.7,165,80,6.76,6.56,3.2,SM,1,$1.06
XGL4018-271,0.27,4,14.7,18.4,165,80,4.3,4.3,1.8,SM,1,$0.61
XGL4030-271,0.27,2.4,19.3,24.2,165,80,4.3,4.3,3.1,SM,1,$0.65
XFL5030-271,0.27,2.55,11.5,25.5,165,20,5.68,5.48,3.1,SM,1,$1.09
XAL6020-271,0.27,3.85,29.5,25,165,60,6.76,6.56,2.1,SM,1,$0.77
XAL7020-271,0.27,3.8,30,21,165,60,8,8,2,SM,1,$0.83
XGL1010-271,0.27,0.57,117,54,165,60,11.8,10.5,10,SM,1,$2.14
XEL5030-261,0.26,2.6,31,30.5,165,80,5.68,5.48,3.2,SM,1,$0.99
XFL4012-251,0.25,8.4,9.7,11.45,165,20,4.3,4.3,1.2,SM,1,$0.64
XGL4020-251,0.25,3,16.5,24,165,80,4.3,4.3,2.1,SM,1,$0.63
XFL7015-251,0.25,4.3,14.5,20,165,20,8,8,1.5,SM,1,$1.21
XFL4020-241,0.24,2.7,10.2,20,165,20,4.3,4.3,2.1,SM,1,$0.69
XGL4025-241,0.24,2.4,18.2,24.2,165,80,4.3,4.3,2.5,SM,1,$0.63
XEL3530-231,0.23,4.85,10.6,17.2,165,80,3.65,3.35,3,SM,1,$0.67
XFL2005-221,0.22,128,1.5,1.48,125,40,2.2,2.1,0.5,SM,-,$0.63
XFL2010-221,0.22,25,3.75,3.1,165,40,2.2,2.1,1,SM,1,$0.60
XGL3515-221,0.22,5.6,11.1,16.1,165,80,3.65,3.35,1.5,SM,1,$0.61
XEL3515-221,0.22,8.6,10,12.7,165,80,3.65,3.35,1.5,SM,1,$0.61
XEL4012-221,0.22,10.6,16,9,165,120,4.3,4.3,1.2,SM,1,$0.58
XEL4012V-221,0.22,10.6,16,9,165,120,4.3,4.3,1.2,SM,1,$0.65
XGL4012-221,0.22,6,14.4,14.7,165,80,4.3,4.3,1.2,SM,1,$0.58
XEL4014V-221,0.22,9.5,18.2,12,165,120,4.3,4.3,1.4,SM,1,$0.65
XEL4014-221,0.22,9.5,18.2,12,165,120,4.3,4.3,1.4,SM,1,$0.58
XGL4015-221,0.22,4.1,15.2,18,165,80,4.3,4.3,1.5,SM,1,$0.61
XGL4018-221,0.22,3.2,16.1,21.7,165,80,4.3,4.3,1.8,SM,1,$0.61
XAL4020-221,0.22,6.4,18.7,16.8,165,60,4.3,4.3,2.1,SM,1,$0.63
XFL5015-221,0.22,4.83,13.3,16.2,165,20,5.68,5.48,1.5,SM,1,$0.73
XEL5020-221,0.22,4.05,28,21,165,80,5.68,5.48,2.1,SM,1,$0.75
XGL6030-221,0.22,1.5,39,32,165,80,6.91,6.71,3.1,SM,1,$1.06
XGL6060-221,0.22,1.3,38,29,165,80,6.91,6.71,6.1,SM,1,$0.88
XAL1010-221,0.22,0.5,98.8,55.5,165,60,11.8,10.5,10,SM,1,$2.14
XGL3512-201,0.2,7.3,10,15.2,165,80,3.65,3.35,1.2,SM,1,$0.61
XEL3520-201,0.2,5.65,11.8,19.9,165,80,3.65,3.35,2,SM,1,$0.67
XGL3520-201,0.2,3.7,11.4,22.1,165,80,3.65,3.35,2,SM,1,$0.67
XGL3530-201,0.2,3.5,11.8,22.4,165,80,3.65,3.35,3,SM,1,$0.67
XEL4020V-201,0.2,3.35,19.7,17.2,165,120,4.3,4.3,2.1,SM,1,$0.71
XEL4020-201,0.2,3.35,19.7,17.2,165,80,4.3,4.3,2.1,SM,1,$0.63
XEL4030V-201,0.2,2.4,22,21.6,165,120,4.3,4.3,3.2,SM,1,$0.73
XEL4030-201,0.2,2.4,22,21.6,165,80,4.3,4.3,3.2,SM,1,$0.65
XGL3515-181,0.18,4.1,12.4,20.4,165,80,3.65,3.35,1.5,SM,1,$0.61
XFL4015-181,0.18,4.7,8.5,14.5,165,20,4.3,4.3,1.6,SM,1,$0.67
XGL5030-181,0.18,1.6,30,31.8,165,80,5.68,5.48,3.2,SM,1,$0.99
XFL6012-181,0.18,8.12,14.3,13.2,165,20,6.76,6.56,1.2,SM,1,$1.13
XAL6030-181,0.18,1.75,39,32,165,60,6.76,6.56,3.1,SM,1,$1.06
XGL6020-181,0.18,1.8,33,30.4,165,80,6.91,6.71,2.1,SM,1,$0.77
XGL6030-181,0.18,1.2,43,34.7,165,80,6.91,6.71,3.1,SM,1,$1.06
XAL1060-181,0.18,0.55,120,46,165,60,11.8,10.5,6,SM,1,$2.06
XAL5020-161,0.16,5,24.2,18.8,165,60,5.68,5.48,2,SM,1,$0.75
XGL5020-161,0.16,2.1,27,29.4,165,80,5.68,5.48,2.1,SM,1,$0.75
XAL5030-161,0.16,2.36,31,22.2,165,60,5.68,5.48,3.1,SM,1,$0.99
XGL5050-161,0.16,1.5,32,26,165,80,5.68,5.48,5.1,SM,1,$0.85
XAL6020-161,0.16,2.7,41,26,165,60,6.76,6.56,2.1,SM,1,$0.77
XAL7030-161,0.16,1.26,60,32.5,165,60,8,8,3.1,SM,1,$1.06
XAL7070-161,0.16,0.83,78,36.1,165,60,8,7.7,7,SM,1,$1.28
XAL1030-161,0.16,1.21,88,42,165,60,11.8,10.5,3.1,SM,1,$1.65
XFL2005-151,0.15,98,1.9,1.6,125,40,2.2,2.1,0.5,SM,-,$0.63
XEL3515-151,0.15,5.3,12.5,17.5,165,80,3.65,3.35,1.5,SM,1,$0.61
XGL4040-151,0.15,1.8,21,30.2,165,80,4.3,4.3,4.1,SM,1,$0.67
XEL6030-151,0.15,1.49,45,33.3,165,80,6.76,6.56,3.2,SM,1,$1.06
XAL7020-151,0.15,2.5,46,24,165,60,8,8,2,SM,1,$0.83
XEL5050-141,0.14,1.78,39,35.1,165,80,5.68,5.48,5.3,SM,1,$0.85
XEL3520-131,0.13,4.05,13.8,25.4,165,80,3.65,3.35,2,SM,1,$0.67
XGL4025-131,0.13,1.7,24,28,165,80,4.3,4.3,2.5,SM,1,$0.63
XGL4030-131,0.13,1.8,26.5,27,165,80,4.3,4.3,3.1,SM,1,$0.65
XEL5030-131,0.13,1.83,44,35,165,80,5.68,5.48,3.2,SM,1,$0.99
XFL2010-121,0.12,22,4.9,3.7,165,40,2.2,2.1,1,SM,1,$0.60
XFL4012-121,0.12,5.88,11.3,13.2,165,20,4.3,4.3,1.2,SM,1,$0.64
XGL4015-121,0.12,2.8,22,20.2,165,80,4.3,4.3,1.5,SM,1,$0.61
XGL4018-121,0.12,2,24.5,27.2,165,80,4.3,4.3,1.8,SM,1,$0.61
XFL4020-121,0.12,1.6,13.7,22,165,20,4.3,4.3,2.1,SM,1,$0.69
XAL6020-121,0.12,1.85,45,27,165,60,6.76,6.56,2.1,SM,1,$0.77
XGL4020-111,0.11,1.7,29,29,165,80,4.3,4.3,2.1,SM,1,$0.63
XGL3512-101,0.1,4,15.2,18,165,80,3.65,3.35,1.2,SM,1,$0.61
XGL3515-101,0.1,2.8,16.8,23.4,165,80,3.65,3.35,1.5,SM,1,$0.61
XGL3520-101,0.1,2.7,15.9,26.2,165,80,3.65,3.35,2,SM,1,$0.67
XGL3530-101,0.1,2.5,16.5,27.5,165,80,3.65,3.35,3,SM,1,$0.67
XGL4012-101,0.1,2.9,21.5,19.7,165,80,4.3,4.3,1.2,SM,1,$0.58
XGL4015-101,0.1,2.2,24.5,25.9,165,80,4.3,4.3,1.5,SM,1,$0.61
XEL4020V-101,0.1,2.5,28.5,19.9,165,120,4.3,4.3,2.1,SM,1,$0.71
XEL4020-101,0.1,2.5,28.5,19.9,165,80,4.3,4.3,2.1,SM,1,$0.63
XEL4030-101,0.1,1.8,30,25.8,165,80,4.3,4.3,3.2,SM,1,$0.65
XEL4030V-101,0.1,1.8,30,25.8,165,120,4.3,4.3,3.2,SM,1,$0.73
XEL5020-101,0.1,2.2,39,25,165,80,5.68,5.48,2.2,SM,1,$0.75
XEL4012V-920,0.092,5.7,24,16.5,165,120,4.3,4.3,1.2,SM,1,$0.65
XEL4012-920,0.092,5.7,24,16.5,165,120,4.3,4.3,1.2,SM,1,$0.58
XGL3512-900,0.09,3.8,16.4,19.4,165,80,3.65,3.35,1.2,SM,1,$0.61
XGL3515-900,0.09,2.6,17.8,26.6,165,80,3.65,3.35,1.5,SM,1,$0.61
XGL3512-820,0.082,3.3,17.3,21.2,165,80,3.65,3.35,1.2,SM,1,$0.61
XEL4020-800,0.08,1.8,33.2,21.4,165,80,4.3,4.3,2.1,SM,1,$0.63
XEL4020V-800,0.08,1.8,33.2,21.4,165,120,4.3,4.3,2.2,SM,1,$0.71
XEL3515-720,0.072,3.15,16,23.6,165,80,3.65,3.35,1.5,SM,1,$0.61
XEL3520-700,0.07,2.85,18.5,27.2,165,80,3.65,3.35,2,SM,1,$0.67
XGL6030-650,0.065,0.63,57.5,43,165,80,6.91,6.71,3.1,SM,1,$1.06
XGL6020-550,0.055,0.87,51.5,38,165,80,6.91,6.71,2.1,SM,1,$0.77
XGL4030-450,0.045,0.8,42.5,36,165,80,4.3,4.3,3.1,SM,1,$0.65
XFL2010-400,0.04,16,8.6,4.8,165,40,2.2,2.1,1,SM,1,$0.60
